Task,Model,Accuracy,Precision,Recall,F1,ROC_AUC,Brier
Task B,FFNN,0.6862593849634886,0.6975659071467455,0.8021820783401896,0.7462251986190258,0.7471179025445921,0.20009800658325902
