Task,Model,Accuracy,Precision,Recall,F1,ROC_AUC,Brier
Task B,Random Forest,0.6779800473105009,0.7008163265306122,0.7677517438740834,0.7327586206896551,0.7345350050030275,0.2051866745334265
Task B,Logistic Regression,0.6641468682505399,0.6840522358527898,0.7729386514040422,0.7257841037914095,0.7202151213063174,0.2096922638409528
Task B,KNN,0.6678494291885221,0.691726881545831,0.7619388302629225,0.7251372398825482,0.7212520493885989,0.20902176222403665
Task B,SVM,0.6603928828550859,0.6782710280373832,0.7788409944553747,0.7250853384397635,0.716477146016546,
