Task,Model,Accuracy,Precision,Recall,F1,ROC_AUC,Brier
Task A,FFNN,0.9956289211148822,0.9933315550813551,0.9991057055982829,0.9962102634981497,0.9997088889920065,0.0028732847217201292
